{
  "hits": 212,
  "points_total": 1348,
  "points_per_hit": 6.3584905660377355,
  "hits_per_min": 31.020576927208257,
  "miss_rate": 0.589622641509434,
  "best_streak": 6,
  "last_label": "T20",
  "ring_distribution": {
    "single_inner": 19,
    "triple": 9,
    "single_outer": 45,
    "double": 14,
    "outer_bull": 0,
    "inner_bull": 0,
    "miss": 125
  },
  "sector_distribution": {
    "1": 4,
    "2": 1,
    "3": 4,
    "4": 4,
    "5": 4,
    "6": 6,
    "7": 2,
    "8": 2,
    "9": 5,
    "10": 6,
    "11": 10,
    "12": 3,
    "13": 4,
    "14": 3,
    "15": 3,
    "16": 3,
    "17": 6,
    "18": 3,
    "19": 7,
    "20": 7
  }
}