{
  "hits": 76,
  "points_total": 809,
  "points_per_hit": 10.644736842105264,
  "hits_per_min": 47.99060262687592,
  "miss_rate": 0.3815789473684211,
  "best_streak": 5,
  "last_label": "M",
  "ring_distribution": {
    "single_inner": 5,
    "triple": 10,
    "single_outer": 32,
    "double": 0,
    "outer_bull": 0,
    "inner_bull": 0,
    "miss": 29
  },
  "sector_distribution": {
    "1": 0,
    "2": 0,
    "3": 0,
    "4": 0,
    "5": 1,
    "6": 0,
    "7": 0,
    "8": 1,
    "9": 1,
    "10": 0,
    "11": 1,
    "12": 32,
    "13": 2,
    "14": 6,
    "15": 0,
    "16": 0,
    "17": 0,
    "18": 2,
    "19": 0,
    "20": 1
  }
}