{
  "hits": 38,
  "points_total": 191,
  "points_per_hit": 5.026315789473684,
  "hits_per_min": 9.23613736132691,
  "miss_rate": 0.5263157894736842,
  "best_streak": 6,
  "last_label": "M",
  "ring_distribution": {
    "single_inner": 6,
    "triple": 0,
    "single_outer": 9,
    "double": 2,
    "outer_bull": 0,
    "inner_bull": 1,
    "miss": 20
  },
  "sector_distribution": {
    "1": 0,
    "2": 0,
    "3": 4,
    "4": 2,
    "5": 2,
    "6": 1,
    "7": 0,
    "8": 0,
    "9": 0,
    "10": 1,
    "11": 0,
    "12": 0,
    "13": 0,
    "14": 1,
    "15": 1,
    "16": 0,
    "17": 2,
    "18": 0,
    "19": 0,
    "20": 3
  }
}