{
  "hits": 7,
  "points_total": 34,
  "points_per_hit": 4.857142857142857,
  "hits_per_min": 18.297767635339294,
  "miss_rate": 0.8571428571428571,
  "best_streak": 1,
  "last_label": "D17",
  "ring_distribution": {
    "single_inner": 0,
    "triple": 0,
    "single_outer": 0,
    "double": 1,
    "outer_bull": 0,
    "inner_bull": 0,
    "miss": 6
  },
  "sector_distribution": {
    "1": 0,
    "2": 0,
    "3": 0,
    "4": 0,
    "5": 0,
    "6": 0,
    "7": 0,
    "8": 0,
    "9": 0,
    "10": 0,
    "11": 0,
    "12": 0,
    "13": 0,
    "14": 0,
    "15": 0,
    "16": 0,
    "17": 1,
    "18": 0,
    "19": 0,
    "20": 0
  }
}