{
  "hits": 37,
  "points_total": 425,
  "points_per_hit": 11.486486486486486,
  "hits_per_min": 39.72681536211148,
  "miss_rate": 0.2702702702702703,
  "best_streak": 9,
  "last_label": "S13",
  "ring_distribution": {
    "single_inner": 12,
    "triple": 5,
    "single_outer": 9,
    "double": 1,
    "outer_bull": 0,
    "inner_bull": 0,
    "miss": 10
  },
  "sector_distribution": {
    "1": 4,
    "2": 0,
    "3": 0,
    "4": 3,
    "5": 3,
    "6": 0,
    "7": 0,
    "8": 0,
    "9": 0,
    "10": 0,
    "11": 0,
    "12": 4,
    "13": 2,
    "14": 2,
    "15": 0,
    "16": 0,
    "17": 0,
    "18": 4,
    "19": 0,
    "20": 5
  }
}