{
  "hits": 84,
  "points_total": 140,
  "points_per_hit": 1.6666666666666667,
  "hits_per_min": 4.5317778675017895,
  "miss_rate": 0.8452380952380952,
  "best_streak": 2,
  "last_label": "M",
  "ring_distribution": {
    "single_inner": 0,
    "triple": 0,
    "single_outer": 7,
    "double": 6,
    "outer_bull": 0,
    "inner_bull": 0,
    "miss": 71
  },
  "sector_distribution": {
    "1": 0,
    "2": 0,
    "3": 0,
    "4": 4,
    "5": 0,
    "6": 5,
    "7": 0,
    "8": 0,
    "9": 0,
    "10": 0,
    "11": 0,
    "12": 0,
    "13": 4,
    "14": 0,
    "15": 0,
    "16": 0,
    "17": 0,
    "18": 0,
    "19": 0,
    "20": 0
  }
}