{
  "hits": 6,
  "points_total": 44,
  "points_per_hit": 7.333333333333333,
  "hits_per_min": 2.4701373663374344,
  "miss_rate": 0.3333333333333333,
  "best_streak": 2,
  "last_label": "S13",
  "ring_distribution": {
    "single_inner": 2,
    "triple": 0,
    "single_outer": 2,
    "double": 0,
    "outer_bull": 0,
    "inner_bull": 0,
    "miss": 2
  },
  "sector_distribution": {
    "1": 0,
    "2": 0,
    "3": 0,
    "4": 0,
    "5": 0,
    "6": 0,
    "7": 0,
    "8": 0,
    "9": 2,
    "10": 0,
    "11": 0,
    "12": 0,
    "13": 2,
    "14": 0,
    "15": 0,
    "16": 0,
    "17": 0,
    "18": 0,
    "19": 0,
    "20": 0
  }
}