{
  "hits": 21,
  "points_total": 67,
  "points_per_hit": 3.1904761904761907,
  "hits_per_min": 22.63993060511107,
  "miss_rate": 0.6190476190476191,
  "best_streak": 3,
  "last_label": "M",
  "ring_distribution": {
    "single_inner": 3,
    "triple": 0,
    "single_outer": 5,
    "double": 0,
    "outer_bull": 0,
    "inner_bull": 0,
    "miss": 13
  },
  "sector_distribution": {
    "1": 0,
    "2": 0,
    "3": 1,
    "4": 0,
    "5": 2,
    "6": 1,
    "7": 0,
    "8": 0,
    "9": 0,
    "10": 0,
    "11": 3,
    "12": 0,
    "13": 0,
    "14": 0,
    "15": 1,
    "16": 0,
    "17": 0,
    "18": 0,
    "19": 0,
    "20": 0
  }
}