{
  "hits": 481,
  "points_total": 7020,
  "points_per_hit": 14.594594594594595,
  "hits_per_min": 43.19092697336934,
  "miss_rate": 0.07068607068607069,
  "best_streak": 156,
  "last_label": "M",
  "ring_distribution": {
    "single_inner": 141,
    "triple": 75,
    "single_outer": 228,
    "double": 3,
    "outer_bull": 0,
    "inner_bull": 0,
    "miss": 34
  },
  "sector_distribution": {
    "1": 33,
    "2": 5,
    "3": 12,
    "4": 13,
    "5": 28,
    "6": 4,
    "7": 5,
    "8": 1,
    "9": 75,
    "10": 17,
    "11": 4,
    "12": 5,
    "13": 83,
    "14": 43,
    "15": 1,
    "16": 9,
    "17": 28,
    "18": 43,
    "19": 0,
    "20": 38
  }
}