{
  "hits": 38,
  "points_total": 40,
  "points_per_hit": 1.0526315789473684,
  "hits_per_min": 18.279945716109772,
  "miss_rate": 0.9210526315789473,
  "best_streak": 1,
  "last_label": "M",
  "ring_distribution": {
    "single_inner": 0,
    "triple": 0,
    "single_outer": 1,
    "double": 2,
    "outer_bull": 0,
    "inner_bull": 0,
    "miss": 35
  },
  "sector_distribution": {
    "1": 0,
    "2": 0,
    "3": 0,
    "4": 1,
    "5": 0,
    "6": 1,
    "7": 0,
    "8": 0,
    "9": 0,
    "10": 0,
    "11": 0,
    "12": 0,
    "13": 1,
    "14": 0,
    "15": 0,
    "16": 0,
    "17": 0,
    "18": 0,
    "19": 0,
    "20": 0
  }
}