{
  "hits": 97,
  "points_total": 882,
  "points_per_hit": 9.092783505154639,
  "hits_per_min": 33.35524734645454,
  "miss_rate": 0.20618556701030927,
  "best_streak": 33,
  "last_label": "S4",
  "ring_distribution": {
    "single_inner": 37,
    "triple": 4,
    "single_outer": 29,
    "double": 7,
    "outer_bull": 0,
    "inner_bull": 0,
    "miss": 20
  },
  "sector_distribution": {
    "1": 7,
    "2": 5,
    "3": 4,
    "4": 8,
    "5": 7,
    "6": 4,
    "7": 3,
    "8": 0,
    "9": 2,
    "10": 7,
    "11": 0,
    "12": 0,
    "13": 11,
    "14": 0,
    "15": 3,
    "16": 1,
    "17": 0,
    "18": 8,
    "19": 0,
    "20": 7
  }
}