{
  "hits": 77,
  "points_total": 523,
  "points_per_hit": 6.792207792207792,
  "hits_per_min": 17.07787432853394,
  "miss_rate": 0.45454545454545453,
  "best_streak": 13,
  "last_label": "S14",
  "ring_distribution": {
    "single_inner": 18,
    "triple": 6,
    "single_outer": 13,
    "double": 5,
    "outer_bull": 0,
    "inner_bull": 0,
    "miss": 35
  },
  "sector_distribution": {
    "1": 7,
    "2": 1,
    "3": 2,
    "4": 2,
    "5": 4,
    "6": 1,
    "7": 1,
    "8": 3,
    "9": 0,
    "10": 2,
    "11": 4,
    "12": 2,
    "13": 1,
    "14": 6,
    "15": 0,
    "16": 0,
    "17": 1,
    "18": 3,
    "19": 0,
    "20": 2
  }
}